timestamp_utc,elapsed_s,pid,cpu_percent,rss_memory_mb,status
2026-04-25T20:37:54.617768+00:00,0.000112,19536,0.0,3.320312,ok
2026-04-25T20:37:55.118031+00:00,0.500385,19536,38.0,59.15625,ok
2026-04-25T20:37:55.618644+00:00,1.000981,19536,0.0,59.15625,ok
2026-04-25T20:37:56.119087+00:00,1.501426,19536,36.0,60.042969,ok
2026-04-25T20:37:56.619597+00:00,2.001937,19536,99.9,60.078125,ok
2026-04-25T20:37:57.120097+00:00,2.502439,19536,99.9,60.082031,ok
2026-04-25T20:37:57.620607+00:00,3.002944,19536,99.9,60.097656,ok
2026-04-25T20:37:58.120989+00:00,3.503324,19536,99.9,60.105469,ok
2026-04-25T20:37:58.621381+00:00,4.003718,19536,99.9,60.136719,ok
2026-04-25T20:37:59.121764+00:00,4.504099,19536,101.9,60.136719,ok
2026-04-25T20:37:59.621977+00:00,5.004312,19536,100.0,60.136719,ok
2026-04-25T20:38:00.122177+00:00,5.504513,19536,100.0,60.136719,ok
2026-04-25T20:38:00.622583+00:00,6.004918,19536,99.9,60.136719,ok
2026-04-25T20:38:01.122917+00:00,6.505252,19536,99.9,60.164062,ok
2026-04-25T20:38:01.623285+00:00,7.005645,19536,99.9,60.164062,ok
2026-04-25T20:38:02.123721+00:00,7.50606,19536,97.9,60.164062,ok
2026-04-25T20:38:02.624112+00:00,8.006446,19536,99.9,60.164062,ok
2026-04-25T20:38:03.124469+00:00,8.506804,19536,101.9,60.164062,ok
2026-04-25T20:38:03.624842+00:00,9.007179,19536,97.9,60.171875,ok
2026-04-25T20:38:04.125196+00:00,9.507536,19536,99.9,60.171875,ok
2026-04-25T20:38:04.625560+00:00,10.007897,19536,101.9,60.171875,ok
2026-04-25T20:38:05.125931+00:00,10.508266,19536,99.9,60.171875,ok
2026-04-25T20:38:05.626148+00:00,11.008484,19536,100.0,60.171875,ok
2026-04-25T20:38:06.126392+00:00,11.50873,19536,100.0,60.175781,ok
2026-04-25T20:38:06.626606+00:00,12.008942,19536,92.0,60.175781,ok
2026-04-25T20:38:07.126946+00:00,12.50928,19536,99.9,60.175781,ok
2026-04-25T20:38:07.627303+00:00,13.009638,19536,99.9,60.175781,ok
2026-04-25T20:38:08.127525+00:00,13.509861,19536,100.0,60.179688,ok
2026-04-25T20:38:08.627863+00:00,14.010198,19536,99.9,60.179688,ok
2026-04-25T20:38:09.128299+00:00,14.510643,19536,99.9,60.179688,ok
2026-04-25T20:38:09.628539+00:00,15.010875,19536,102.0,60.179688,ok
2026-04-25T20:38:10.128764+00:00,15.511099,19536,98.0,60.179688,ok
2026-04-25T20:38:10.628974+00:00,16.011309,19536,100.0,60.195312,ok
2026-04-25T20:38:11.129328+00:00,16.511672,19536,101.9,60.195312,ok
2026-04-25T20:38:11.629687+00:00,17.012022,19536,91.9,60.195312,ok
2026-04-25T20:38:12.130037+00:00,17.512373,19536,99.9,60.195312,ok
2026-04-25T20:38:12.630503+00:00,18.012839,19536,99.9,60.195312,ok
2026-04-25T20:38:13.130722+00:00,18.513057,19536,100.0,60.195312,ok
2026-04-25T20:38:13.631076+00:00,19.013412,19536,99.9,60.195312,ok
2026-04-25T20:38:14.131311+00:00,19.513658,19536,100.0,60.195312,ok
2026-04-25T20:38:14.631666+00:00,20.01401,19536,99.9,60.195312,ok
2026-04-25T20:38:15.132038+00:00,20.514372,19536,99.9,60.195312,ok
2026-04-25T20:38:15.632391+00:00,21.014732,19536,99.9,60.203125,ok
2026-04-25T20:38:16.132609+00:00,21.514945,19536,100.0,60.203125,ok
2026-04-25T20:38:16.632975+00:00,22.01531,19536,99.9,60.203125,ok
2026-04-25T20:38:17.133333+00:00,22.515668,19536,97.9,60.203125,ok
2026-04-25T20:38:17.633558+00:00,23.015894,19536,102.0,60.203125,ok
2026-04-25T20:38:18.133766+00:00,23.5161,19536,100.0,60.210938,ok
2026-04-25T20:38:18.634101+00:00,24.016438,19536,99.9,60.210938,ok
2026-04-25T20:38:19.134495+00:00,24.51683,19536,99.9,60.210938,ok
2026-04-25T20:38:19.634699+00:00,25.017034,19536,98.0,60.210938,ok
2026-04-25T20:38:20.134925+00:00,25.517282,19536,100.0,60.210938,ok
2026-04-25T20:38:20.635191+00:00,26.017531,19536,100.0,60.210938,ok
2026-04-25T20:38:21.135448+00:00,26.517787,19536,101.9,60.210938,ok
2026-04-25T20:38:21.635638+00:00,27.017972,19536,92.0,60.210938,ok
2026-04-25T20:38:22.135838+00:00,27.518173,19536,100.0,60.210938,ok
2026-04-25T20:38:22.636082+00:00,28.018425,19536,99.9,60.210938,ok
2026-04-25T20:38:23.136287+00:00,28.518628,19536,102.0,60.210938,ok
2026-04-25T20:38:23.636515+00:00,29.018856,19536,98.0,60.210938,ok
2026-04-25T20:38:24.136788+00:00,29.519124,19536,99.9,60.210938,ok
2026-04-25T20:38:24.637204+00:00,30.019554,19536,101.9,60.210938,ok
2026-04-25T20:38:25.137471+00:00,30.519817,19536,99.9,60.210938,ok
2026-04-25T20:38:25.637688+00:00,31.020022,19536,98.0,60.214844,ok
2026-04-25T20:38:26.138089+00:00,31.520424,19536,101.9,60.214844,ok
2026-04-25T20:38:26.638443+00:00,32.020778,19536,97.9,60.21875,ok
2026-04-25T20:38:27.138646+00:00,32.520981,19536,102.0,60.21875,ok
2026-04-25T20:38:27.639000+00:00,33.021345,19536,97.9,60.222656,ok
2026-04-25T20:38:28.139338+00:00,33.521673,19536,101.9,60.222656,ok
2026-04-25T20:38:28.639692+00:00,34.022026,19536,99.9,60.222656,ok
2026-04-25T20:38:29.140049+00:00,34.522385,19536,97.9,60.222656,ok
2026-04-25T20:38:29.640249+00:00,35.022587,19536,102.0,60.222656,ok
2026-04-25T20:38:30.140475+00:00,35.522813,19536,100.0,60.222656,ok
2026-04-25T20:38:30.640719+00:00,36.023054,19536,98.0,60.222656,ok
2026-04-25T20:38:31.141060+00:00,36.523396,19536,99.9,60.222656,ok
2026-04-25T20:38:31.641246+00:00,37.023581,19536,100.0,60.222656,ok
2026-04-25T20:38:32.141463+00:00,37.523797,19536,100.0,60.222656,ok
2026-04-25T20:38:32.641678+00:00,38.024013,19536,100.0,60.222656,ok
2026-04-25T20:38:33.142023+00:00,38.524358,19536,99.9,60.222656,ok
2026-04-25T20:38:33.642379+00:00,39.024715,19536,99.9,60.222656,ok
2026-04-25T20:38:34.142742+00:00,39.525077,19536,99.9,60.222656,ok
2026-04-25T20:38:34.643111+00:00,40.025452,19536,99.9,60.222656,ok
2026-04-25T20:38:35.143496+00:00,40.525831,19536,99.9,60.222656,ok
2026-04-25T20:38:35.643863+00:00,41.026197,19536,101.9,60.222656,ok
2026-04-25T20:38:36.144314+00:00,41.526667,19536,99.9,60.222656,ok
2026-04-25T20:38:36.644692+00:00,42.027033,19536,91.9,60.222656,ok
2026-04-25T20:38:37.145043+00:00,42.5274,19536,99.9,60.222656,ok
2026-04-25T20:38:37.645378+00:00,43.027723,19536,99.9,60.222656,ok
2026-04-25T20:38:38.145616+00:00,43.527956,19536,100.0,60.222656,ok
2026-04-25T20:38:38.645924+00:00,44.028266,19536,99.9,60.222656,ok
2026-04-25T20:38:39.146206+00:00,44.52855,19536,99.9,60.222656,ok
2026-04-25T20:38:39.646463+00:00,45.028804,19536,100.0,60.222656,ok
2026-04-25T20:38:40.146686+00:00,45.529025,19536,100.0,60.222656,ok
2026-04-25T20:38:40.646924+00:00,46.029264,19536,100.0,60.222656,ok
2026-04-25T20:38:41.147203+00:00,46.529542,19536,99.9,60.222656,ok
2026-04-25T20:38:41.647486+00:00,47.029827,19536,99.9,60.222656,ok
2026-04-25T20:38:42.147757+00:00,47.530097,19536,99.9,60.222656,ok
2026-04-25T20:38:42.648040+00:00,48.03038,19536,99.9,60.222656,ok
2026-04-25T20:38:43.148336+00:00,48.530676,19536,99.9,60.222656,ok
2026-04-25T20:38:43.648619+00:00,49.03096,19536,99.9,60.222656,ok
2026-04-25T20:38:44.148890+00:00,49.53123,19536,99.9,60.222656,ok
2026-04-25T20:38:44.649158+00:00,50.031498,19536,99.9,60.222656,ok
2026-04-25T20:38:45.149454+00:00,50.531794,19536,101.9,60.222656,ok
2026-04-25T20:38:45.649716+00:00,51.032052,19536,98.0,60.222656,ok
2026-04-25T20:38:46.149921+00:00,51.532258,19536,100.0,60.222656,ok
2026-04-25T20:38:46.650142+00:00,52.032479,19536,94.0,60.222656,ok
2026-04-25T20:38:47.150516+00:00,52.532852,19536,99.9,60.222656,ok
2026-04-25T20:38:47.650763+00:00,53.033098,19536,100.0,60.222656,ok
2026-04-25T20:38:48.150966+00:00,53.533302,19536,100.0,60.222656,ok
2026-04-25T20:38:48.651203+00:00,54.033577,19536,99.9,60.222656,ok
2026-04-25T20:38:49.151494+00:00,54.533858,19536,99.9,60.222656,ok
2026-04-25T20:38:49.651904+00:00,55.03424,19536,99.9,60.222656,ok
2026-04-25T20:38:50.152085+00:00,55.534426,19536,100.0,60.222656,ok
2026-04-25T20:38:50.652358+00:00,56.034692,19536,99.9,60.222656,ok
2026-04-25T20:38:51.152574+00:00,56.534935,19536,99.9,60.222656,ok
2026-04-25T20:38:51.652874+00:00,57.035219,19536,99.9,60.222656,ok
2026-04-25T20:38:52.153104+00:00,57.535441,19536,100.0,60.222656,ok
2026-04-25T20:38:52.653354+00:00,58.035717,19536,99.9,60.222656,ok
2026-04-25T20:38:53.153582+00:00,58.535918,19536,100.0,60.222656,ok
2026-04-25T20:38:53.653815+00:00,59.036151,19536,100.0,60.222656,ok
2026-04-25T20:38:54.154032+00:00,59.536366,19536,100.0,60.222656,ok
2026-04-25T20:38:54.654255+00:00,60.036595,19536,100.0,60.222656,ok
2026-04-25T20:38:55.154505+00:00,60.53684,19536,100.0,60.222656,ok
2026-04-25T20:38:55.654751+00:00,61.037092,19536,99.9,60.222656,ok
2026-04-25T20:38:56.154997+00:00,61.537348,19536,99.9,60.222656,ok
2026-04-25T20:38:56.655229+00:00,62.037566,19536,94.0,60.222656,ok
2026-04-25T20:38:57.155471+00:00,62.537807,19536,100.0,60.222656,ok
2026-04-25T20:38:57.655701+00:00,63.038036,19536,100.0,60.222656,ok
2026-04-25T20:38:58.155923+00:00,63.538259,19536,100.0,60.222656,ok
2026-04-25T20:38:58.656175+00:00,64.03852,19536,97.9,60.222656,ok
2026-04-25T20:38:59.156443+00:00,64.538792,19536,99.9,60.222656,ok
2026-04-25T20:38:59.656655+00:00,65.03899,19536,102.0,60.222656,ok
2026-04-25T20:39:00.156936+00:00,65.539271,19536,97.9,60.222656,ok
2026-04-25T20:39:00.657148+00:00,66.039487,19536,102.0,60.222656,ok
2026-04-25T20:39:01.157387+00:00,66.539725,19536,100.0,60.222656,ok
2026-04-25T20:39:01.657665+00:00,67.040023,19536,99.9,60.222656,ok
2026-04-25T20:39:02.157921+00:00,67.540258,19536,100.0,60.222656,ok
2026-04-25T20:39:02.658153+00:00,68.040516,19536,97.9,60.222656,ok
2026-04-25T20:39:03.158447+00:00,68.540804,19536,101.9,60.222656,ok
2026-04-25T20:39:03.658699+00:00,69.041039,19536,100.0,60.222656,ok
2026-04-25T20:39:04.158961+00:00,69.541301,19536,99.9,60.222656,ok
2026-04-25T20:39:04.659200+00:00,70.041536,19536,100.0,60.222656,ok
2026-04-25T20:39:05.159427+00:00,70.541762,19536,100.0,60.222656,ok
2026-04-25T20:39:05.659730+00:00,71.042066,19536,99.9,60.222656,ok
2026-04-25T20:39:06.159951+00:00,71.54229,19536,98.0,60.222656,ok
2026-04-25T20:39:06.660198+00:00,72.042533,19536,94.0,60.222656,ok
2026-04-25T20:39:07.160447+00:00,72.542782,19536,100.0,60.222656,ok
2026-04-25T20:39:07.660663+00:00,73.043,19536,100.0,60.222656,ok
2026-04-25T20:39:08.160900+00:00,73.543234,19536,100.0,60.222656,ok
2026-04-25T20:39:08.661165+00:00,74.043506,19536,99.9,60.222656,ok
2026-04-25T20:39:09.161395+00:00,74.543735,19536,100.0,60.222656,ok
2026-04-25T20:39:09.661651+00:00,75.043988,19536,99.9,60.222656,ok
2026-04-25T20:39:10.161878+00:00,75.544213,19536,100.0,60.222656,ok
2026-04-25T20:39:10.662085+00:00,76.044421,19536,102.0,60.222656,ok
2026-04-25T20:39:11.162451+00:00,76.544787,19536,97.9,60.222656,ok
2026-04-25T20:39:11.662640+00:00,77.044976,19536,100.0,60.222656,ok
2026-04-25T20:39:12.162844+00:00,77.545184,19536,100.0,60.222656,ok
2026-04-25T20:39:12.663044+00:00,78.04538,19536,100.0,60.222656,ok
2026-04-25T20:39:13.163382+00:00,78.545723,19536,101.9,60.222656,ok
2026-04-25T20:39:13.663612+00:00,79.04595,19536,98.0,60.222656,ok
2026-04-25T20:39:14.163841+00:00,79.546176,19536,100.0,60.222656,ok
2026-04-25T20:39:14.664076+00:00,80.046429,19536,99.9,60.226562,ok
2026-04-25T20:39:15.164321+00:00,80.546656,19536,100.0,60.226562,ok
2026-04-25T20:39:15.664529+00:00,81.046864,19536,102.0,60.226562,ok
2026-04-25T20:39:16.164734+00:00,81.547072,19536,98.0,60.226562,ok
2026-04-25T20:39:16.664964+00:00,82.0473,19536,92.0,60.226562,ok
2026-04-25T20:39:17.165204+00:00,82.54754,19536,101.9,60.226562,ok
2026-04-25T20:39:17.665459+00:00,83.047795,19536,100.0,60.226562,ok
2026-04-25T20:39:18.165719+00:00,83.548054,19536,100.0,60.226562,ok
2026-04-25T20:39:18.665921+00:00,84.048257,19536,100.0,60.226562,ok
2026-04-25T20:39:19.166121+00:00,84.548455,19536,100.0,60.226562,ok
2026-04-25T20:39:19.666323+00:00,85.04866,19536,100.0,60.226562,ok
2026-04-25T20:39:20.166637+00:00,85.548972,19536,99.9,60.226562,ok
2026-04-25T20:39:20.666859+00:00,86.049196,19536,100.0,60.226562,ok
2026-04-25T20:39:21.167076+00:00,86.549412,19536,100.0,60.226562,ok
2026-04-25T20:39:21.667300+00:00,87.049636,19536,98.0,60.226562,ok
2026-04-25T20:39:22.167506+00:00,87.549841,19536,102.0,60.226562,ok
2026-04-25T20:39:22.667703+00:00,88.050037,19536,100.0,60.226562,ok
2026-04-25T20:39:23.167907+00:00,88.550242,19536,100.0,60.226562,ok
2026-04-25T20:39:23.668213+00:00,89.050556,19536,97.9,60.226562,ok
2026-04-25T20:39:24.168448+00:00,89.550792,19536,102.0,60.226562,ok
2026-04-25T20:39:24.668734+00:00,90.051074,19536,99.9,60.226562,ok
2026-04-25T20:39:25.168984+00:00,90.55132,19536,98.0,60.226562,ok
2026-04-25T20:39:25.669137+00:00,91.051473,19536,102.0,60.226562,ok
2026-04-25T20:39:26.169354+00:00,91.551688,19536,100.0,60.226562,ok
2026-04-25T20:39:26.669558+00:00,92.051895,19536,100.0,60.226562,ok
2026-04-25T20:39:27.169810+00:00,92.55215,19536,99.9,60.226562,ok
2026-04-25T20:39:27.670208+00:00,93.052543,19536,99.9,60.226562,ok
2026-04-25T20:39:28.170539+00:00,93.552874,19536,99.9,60.226562,ok
2026-04-25T20:39:28.670762+00:00,94.053097,19536,98.0,60.226562,ok
2026-04-25T20:39:29.170973+00:00,94.553308,19536,102.0,60.226562,ok
2026-04-25T20:39:29.671286+00:00,95.053622,19536,99.9,60.226562,ok
2026-04-25T20:39:30.171500+00:00,95.553835,19536,100.0,60.226562,ok
2026-04-25T20:39:30.671804+00:00,96.054139,19536,99.9,60.226562,ok
2026-04-25T20:39:31.172133+00:00,96.554469,19536,99.9,60.226562,ok
2026-04-25T20:39:31.672359+00:00,97.0547,19536,98.0,60.226562,ok
2026-04-25T20:39:32.172604+00:00,97.554939,19536,102.0,60.226562,ok
2026-04-25T20:39:32.672813+00:00,98.055148,19536,100.0,60.226562,ok
2026-04-25T20:39:33.173035+00:00,98.555375,19536,100.0,60.226562,ok
2026-04-25T20:39:33.673245+00:00,99.055582,19536,100.0,60.226562,ok
2026-04-25T20:39:34.173479+00:00,99.555818,19536,98.0,60.226562,ok
2026-04-25T20:39:34.673846+00:00,100.056183,19536,99.9,60.226562,ok
2026-04-25T20:39:35.174179+00:00,100.556514,19536,101.9,60.226562,ok
2026-04-25T20:39:35.674412+00:00,101.056748,19536,98.0,60.226562,ok
2026-04-25T20:39:36.174665+00:00,101.557003,19536,101.9,60.226562,ok
2026-04-25T20:39:36.674876+00:00,102.057211,19536,98.0,60.226562,ok
2026-04-25T20:39:37.175085+00:00,102.557423,19536,102.0,60.226562,ok
2026-04-25T20:39:37.675435+00:00,103.057772,19536,97.9,60.226562,ok
2026-04-25T20:39:38.175680+00:00,103.558015,19536,100.0,60.226562,ok
2026-04-25T20:39:38.675891+00:00,104.058227,19536,100.0,60.226562,ok
2026-04-25T20:39:39.176246+00:00,104.558582,19536,99.9,60.226562,ok
2026-04-25T20:39:39.676506+00:00,105.058841,19536,99.9,60.226562,ok
2026-04-25T20:39:40.176712+00:00,105.559047,19536,100.0,60.226562,ok
2026-04-25T20:39:40.676981+00:00,106.059328,19536,99.9,60.226562,ok
2026-04-25T20:39:41.177234+00:00,106.55957,19536,101.9,60.226562,ok
2026-04-25T20:39:41.677442+00:00,107.059777,19536,98.0,60.226562,ok
2026-04-25T20:39:42.177645+00:00,107.559979,19536,100.0,60.226562,ok
2026-04-25T20:39:42.677842+00:00,108.060178,19536,98.0,60.226562,ok
2026-04-25T20:39:43.178052+00:00,108.560387,19536,100.0,60.226562,ok
2026-04-25T20:39:43.678249+00:00,109.060584,19536,102.0,60.226562,ok
2026-04-25T20:39:44.178652+00:00,109.560987,19536,97.9,60.226562,ok
2026-04-25T20:39:44.678822+00:00,110.061157,19536,102.0,60.226562,ok
2026-04-25T20:39:45.179030+00:00,110.561366,19536,100.0,60.226562,ok
2026-04-25T20:39:45.679242+00:00,111.061576,19536,100.0,60.226562,ok
2026-04-25T20:39:46.179438+00:00,111.561774,19536,100.0,60.226562,ok
2026-04-25T20:39:46.679655+00:00,112.061993,19536,98.0,60.226562,ok
2026-04-25T20:39:47.179889+00:00,112.562224,19536,100.0,60.226562,ok
2026-04-25T20:39:47.680126+00:00,113.062465,19536,98.0,60.226562,ok
